,docA.pdf,docB.pdf,docC.pdf
docA.pdf,0.0,0.562890425319368,0.6960342358375355
docB.pdf,0.0,0.0,0.46512144822180057
docC.pdf,0.0,0.0,0.0
